{
    "root_group": {
        "path": "",
        "id": "d41d8cd98f00b204e9800998ecf8427e",
        "groups": {},
        "checks": {
                "status is 200": {
                    "passes": 400,
                    "fails": 0,
                    "name": "status is 200",
                    "path": "::status is 200",
                    "id": "6210a8cd14cd70477eba5c5e4cb3fb5f"
                },
                "strategy matches": {
                    "passes": 400,
                    "fails": 0,
                    "name": "strategy matches",
                    "path": "::strategy matches",
                    "id": "b598c231ec69c4799d5cab7d5ea0c890"
                },
                "processing time exists": {
                    "path": "::processing time exists",
                    "id": "a34973730afeadc5b3315b06d5b32bdb",
                    "passes": 400,
                    "fails": 0,
                    "name": "processing time exists"
                },
                "database profile exists": {
                    "id": "f2ff9ed945909f7e31d3d03440568d3c",
                    "passes": 400,
                    "fails": 0,
                    "name": "database profile exists",
                    "path": "::database profile exists"
                }
            },
        "name": ""
    },
    "metrics": {
        "http_req_failed": {
            "passes": 0,
            "fails": 400,
            "thresholds": {
                "rate<0.01": false
            },
            "value": 0
        },
        "http_req_duration{expected_response:true}": {
            "med": 3059.299,
            "max": 4548.681,
            "p(90)": 3435.5189,
            "p(95)": 3562.1668999999997,
            "p(99)": 4152.903509999998,
            "avg": 3002.0485949999998,
            "min": 945.499
        },
        "http_req_waiting": {
            "avg": 3001.9414450000004,
            "min": 945.292,
            "med": 3059.1955,
            "max": 4548.571,
            "p(90)": 3435.4239000000002,
            "p(95)": 3562.05625,
            "p(99)": 4152.797639999999
        },
        "iteration_duration": {
            "p(90)": 4436.3907038,
            "p(95)": 4564.2039024,
            "p(99)": 5165.482445419998,
            "avg": 4004.7791040650004,
            "min": 1958.629083,
            "med": 4060.5593335000003,
            "max": 5560.236125
        },
        "iterations": {
            "count": 400,
            "rate": 11.930207332687193
        },
        "http_req_sending": {
            "p(95)": 0.03704999999999998,
            "p(99)": 0.10810999999999996,
            "avg": 0.02281249999999998,
            "min": 0.003,
            "med": 0.022,
            "max": 0.166,
            "p(90)": 0.029
        },
        "http_req_duration": {
            "avg": 3002.0485949999998,
            "min": 945.499,
            "med": 3059.299,
            "max": 4548.681,
            "p(90)": 3435.5189,
            "p(95)": 3562.1668999999997,
            "p(99)": 4152.903509999998,
            "thresholds": {
                "p(95)<60000": false,
                "p(99)<120000": false
            }
        },
        "vus_max": {
            "max": 50,
            "value": 50,
            "min": 50
        },
        "http_req_receiving": {
            "avg": 0.08433749999999997,
            "min": 0.016,
            "med": 0.082,
            "max": 0.585,
            "p(90)": 0.113,
            "p(95)": 0.13009999999999997,
            "p(99)": 0.27604
        },
        "http_req_blocked": {
            "min": 0.001,
            "med": 0.007,
            "max": 11.204,
            "p(90)": 10.0227,
            "p(95)": 10.51805,
            "p(99)": 10.97037,
            "avg": 1.3073199999999918
        },
        "vus": {
            "value": 12,
            "min": 12,
            "max": 50
        },
        "http_reqs": {
            "count": 400,
            "rate": 11.930207332687193
        },
        "http_req_connecting": {
            "avg": 0.18499,
            "min": 0,
            "med": 0,
            "max": 2.03,
            "p(90)": 1.4387,
            "p(95)": 1.533,
            "p(99)": 1.6948099999999997
        },
        "http_req_tls_handshaking": {
            "avg": 0,
            "min": 0,
            "med": 0,
            "max": 0,
            "p(90)": 0,
            "p(95)": 0,
            "p(99)": 0
        },
        "app_processing_time_ms": {
            "max": 4472,
            "p(90)": 3408.4,
            "p(95)": 3523.2999999999997,
            "p(99)": 4076.5799999999986,
            "avg": 2987.6025,
            "min": 921,
            "med": 3053,
            "thresholds": {
                "p(95)<60000": false,
                "p(99)<120000": false
            }
        },
        "checks": {
            "passes": 1600,
            "fails": 0,
            "value": 1
        },
        "data_received": {
            "count": 193618,
            "rate": 5774.757208350572
        },
        "benchmark_success": {
            "passes": 400,
            "fails": 0,
            "thresholds": {
                "rate>0.99": false
            },
            "value": 1
        },
        "data_sent": {
            "count": 44000,
            "rate": 1312.3228065955911
        }
    }
}