{
    "root_group": {
        "id": "d41d8cd98f00b204e9800998ecf8427e",
        "groups": {},
        "checks": {
                "status is 200": {
                    "name": "status is 200",
                    "path": "::status is 200",
                    "id": "6210a8cd14cd70477eba5c5e4cb3fb5f",
                    "passes": 405,
                    "fails": 0
                },
                "strategy matches": {
                    "name": "strategy matches",
                    "path": "::strategy matches",
                    "id": "b598c231ec69c4799d5cab7d5ea0c890",
                    "passes": 405,
                    "fails": 0
                },
                "processing time exists": {
                    "fails": 0,
                    "name": "processing time exists",
                    "path": "::processing time exists",
                    "id": "a34973730afeadc5b3315b06d5b32bdb",
                    "passes": 405
                },
                "database profile exists": {
                    "passes": 405,
                    "fails": 0,
                    "name": "database profile exists",
                    "path": "::database profile exists",
                    "id": "f2ff9ed945909f7e31d3d03440568d3c"
                }
            },
        "name": "",
        "path": ""
    },
    "metrics": {
        "http_req_connecting": {
            "min": 0,
            "med": 0,
            "max": 1.583,
            "p(90)": 1.2622,
            "p(95)": 1.3861999999999997,
            "p(99)": 1.45876,
            "avg": 0.16327160493827164
        },
        "vus": {
            "value": 15,
            "min": 15,
            "max": 50
        },
        "http_req_waiting": {
            "med": 3021.376,
            "max": 4435.344,
            "p(90)": 3302.0544,
            "p(95)": 3388.8869999999997,
            "p(99)": 4099.20188,
            "avg": 2969.9225975308636,
            "min": 877.163
        },
        "http_req_receiving": {
            "p(99)": 0.18159999999999996,
            "avg": 0.08213333333333327,
            "min": 0.019,
            "med": 0.083,
            "max": 0.358,
            "p(90)": 0.108,
            "p(95)": 0.12539999999999996
        },
        "iteration_duration": {
            "p(95)": 4390.5422333999995,
            "p(99)": 5103.53019132,
            "avg": 3971.5055530642003,
            "min": 1881.148958,
            "med": 4022.338458,
            "max": 5439.5105,
            "p(90)": 4303.4243084
        },
        "http_req_sending": {
            "max": 0.148,
            "p(90)": 0.028,
            "p(95)": 0.043,
            "p(99)": 0.08296,
            "avg": 0.02331111111111108,
            "min": 0.006,
            "med": 0.022
        },
        "app_processing_time_ms": {
            "p(95)": 3379.3999999999996,
            "p(99)": 4083.7999999999997,
            "avg": 2961.1037037037036,
            "min": 870,
            "med": 3012,
            "max": 4411,
            "p(90)": 3294.6,
            "thresholds": {
                "p(95)<60000": false,
                "p(99)<120000": false
            }
        },
        "vus_max": {
            "min": 50,
            "max": 50,
            "value": 50
        },
        "http_req_duration": {
            "p(99)": 4099.34416,
            "avg": 2970.0280419753067,
            "min": 877.339,
            "med": 3021.451,
            "max": 4435.397,
            "p(90)": 3302.1464,
            "p(95)": 3388.9962,
            "thresholds": {
                "p(95)<60000": false,
                "p(99)<120000": false
            }
        },
        "http_req_failed": {
            "passes": 0,
            "fails": 405,
            "thresholds": {
                "rate<0.01": false
            },
            "value": 0
        },
        "benchmark_success": {
            "passes": 405,
            "fails": 0,
            "thresholds": {
                "rate>0.99": false
            },
            "value": 1
        },
        "http_req_blocked": {
            "p(90)": 2.7374,
            "p(95)": 3.105399999999999,
            "p(99)": 3.3988799999999997,
            "avg": 0.37953333333333544,
            "min": 0.003,
            "med": 0.008,
            "max": 3.482
        },
        "data_sent": {
            "count": 44550,
            "rate": 1316.6967103064192
        },
        "http_req_tls_handshaking": {
            "p(95)": 0,
            "p(99)": 0,
            "avg": 0,
            "min": 0,
            "med": 0,
            "max": 0,
            "p(90)": 0
        },
        "http_reqs": {
            "count": 405,
            "rate": 11.96997009369472
        },
        "data_received": {
            "count": 195536,
            "rate": 5779.160672199236
        },
        "http_req_duration{expected_response:true}": {
            "max": 4435.397,
            "p(90)": 3302.1464,
            "p(95)": 3388.9962,
            "p(99)": 4099.34416,
            "avg": 2970.0280419753067,
            "min": 877.339,
            "med": 3021.451
        },
        "checks": {
            "passes": 1620,
            "fails": 0,
            "value": 1
        },
        "iterations": {
            "count": 405,
            "rate": 11.96997009369472
        }
    }
}