{
    "metrics": {
        "iteration_duration": {
            "avg": 4022.5446719248093,
            "min": 1724.1105,
            "med": 4075.325459,
            "max": 5664.666792,
            "p(90)": 4308.151783,
            "p(95)": 4387.00465,
            "p(99)": 5141.208476479999
        },
        "benchmark_success": {
            "passes": 399,
            "fails": 0,
            "thresholds": {
                "rate>0.99": false
            },
            "value": 1
        },
        "http_reqs": {
            "count": 399,
            "rate": 11.741129113489135
        },
        "vus": {
            "value": 14,
            "min": 14,
            "max": 50
        },
        "http_req_waiting": {
            "avg": 3020.8341203007544,
            "min": 717.893,
            "med": 3073.54,
            "max": 4659.297,
            "p(90)": 3303.0162,
            "p(95)": 3386.2826,
            "p(99)": 4136.385499999999
        },
        "data_sent": {
            "count": 39900,
            "rate": 1174.1129113489137
        },
        "vus_max": {
            "min": 50,
            "max": 50,
            "value": 50
        },
        "data_received": {
            "rate": 5378.849600638294,
            "count": 182790
        },
        "checks": {
            "passes": 1596,
            "fails": 0,
            "value": 1
        },
        "iterations": {
            "count": 399,
            "rate": 11.741129113489135
        },
        "http_req_tls_handshaking": {
            "max": 0,
            "p(90)": 0,
            "p(95)": 0,
            "p(99)": 0,
            "avg": 0,
            "min": 0,
            "med": 0
        },
        "app_processing_time_ms": {
            "avg": 3010.8972431077696,
            "min": 682,
            "med": 3068,
            "max": 4627,
            "p(90)": 3276.2000000000003,
            "p(95)": 3383.1,
            "p(99)": 4104.959999999999,
            "thresholds": {
                "p(95)<60000": false,
                "p(99)<120000": false
            }
        },
        "http_req_sending": {
            "med": 0.021,
            "max": 0.162,
            "p(90)": 0.028,
            "p(95)": 0.04,
            "p(99)": 0.07415999999999996,
            "avg": 0.02193233082706765,
            "min": 0.003
        },
        "http_req_failed": {
            "passes": 0,
            "fails": 399,
            "thresholds": {
                "rate<0.01": false
            },
            "value": 0
        },
        "http_req_duration{expected_response:true}": {
            "avg": 3020.945771929824,
            "min": 718.581,
            "med": 3073.592,
            "max": 4659.443,
            "p(90)": 3303.1356,
            "p(95)": 3386.3848999999996,
            "p(99)": 4136.505999999999
        },
        "http_req_duration": {
            "avg": 3020.945771929824,
            "min": 718.581,
            "med": 3073.592,
            "max": 4659.443,
            "p(90)": 3303.1356,
            "p(95)": 3386.3848999999996,
            "p(99)": 4136.505999999999,
            "thresholds": {
                "p(95)<60000": false,
                "p(99)<120000": false
            }
        },
        "http_req_blocked": {
            "min": 0.001,
            "med": 0.007,
            "max": 4.508,
            "p(90)": 3.5884,
            "p(95)": 4.1596,
            "p(99)": 4.42686,
            "avg": 0.4992857142857152
        },
        "http_req_connecting": {
            "min": 0,
            "med": 0,
            "max": 2.022,
            "p(90)": 1.5844000000000003,
            "p(95)": 1.6811,
            "p(99)": 1.78234,
            "avg": 0.1984085213032582
        },
        "http_req_receiving": {
            "max": 1.108,
            "p(90)": 0.11,
            "p(95)": 0.13739999999999977,
            "p(99)": 0.33839999999999887,
            "avg": 0.08971929824561402,
            "min": 0.018,
            "med": 0.082
        }
    },
    "root_group": {
        "name": "",
        "path": "",
        "id": "d41d8cd98f00b204e9800998ecf8427e",
        "groups": {},
        "checks": {
                "status is 200": {
                    "name": "status is 200",
                    "path": "::status is 200",
                    "id": "6210a8cd14cd70477eba5c5e4cb3fb5f",
                    "passes": 399,
                    "fails": 0
                },
                "strategy matches": {
                    "name": "strategy matches",
                    "path": "::strategy matches",
                    "id": "b598c231ec69c4799d5cab7d5ea0c890",
                    "passes": 399,
                    "fails": 0
                },
                "processing time exists": {
                    "name": "processing time exists",
                    "path": "::processing time exists",
                    "id": "a34973730afeadc5b3315b06d5b32bdb",
                    "passes": 399,
                    "fails": 0
                },
                "database profile exists": {
                    "name": "database profile exists",
                    "path": "::database profile exists",
                    "id": "f2ff9ed945909f7e31d3d03440568d3c",
                    "passes": 399,
                    "fails": 0
                }
            }
    }
}