{
    "metrics": {
        "http_req_duration": {
            "p(99)": 3706.48378,
            "avg": 3143.6144573643437,
            "min": 735.01,
            "med": 3236.461,
            "max": 3787.54,
            "p(90)": 3525.8612000000003,
            "p(95)": 3594.0003,
            "thresholds": {
                "p(95)<60000": false,
                "p(99)<120000": false
            }
        },
        "vus": {
            "value": 21,
            "min": 21,
            "max": 50
        },
        "http_req_duration{expected_response:true}": {
            "avg": 3143.6144573643437,
            "min": 735.01,
            "med": 3236.461,
            "max": 3787.54,
            "p(90)": 3525.8612000000003,
            "p(95)": 3594.0003,
            "p(99)": 3706.48378
        },
        "http_req_connecting": {
            "med": 0,
            "max": 2.078,
            "p(90)": 1.83,
            "p(95)": 1.896,
            "p(99)": 2.0251,
            "avg": 0.2340206718346253,
            "min": 0
        },
        "http_req_tls_handshaking": {
            "p(95)": 0,
            "p(99)": 0,
            "avg": 0,
            "min": 0,
            "med": 0,
            "max": 0,
            "p(90)": 0
        },
        "http_req_sending": {
            "avg": 0.02975452196382424,
            "min": 0.005,
            "med": 0.019,
            "max": 2.301,
            "p(90)": 0.029,
            "p(95)": 0.04609999999999995,
            "p(99)": 0.19205999999999954
        },
        "checks": {
            "passes": 1548,
            "fails": 0,
            "value": 1
        },
        "data_sent": {
            "count": 41022,
            "rate": 1239.3307420640097
        },
        "http_req_failed": {
            "passes": 0,
            "fails": 387,
            "thresholds": {
                "rate<0.01": false
            },
            "value": 0
        },
        "vus_max": {
            "value": 50,
            "min": 50,
            "max": 50
        },
        "http_req_blocked": {
            "p(95)": 4.1523,
            "p(99)": 4.371659999999999,
            "avg": 0.5154547803617548,
            "min": 0.001,
            "med": 0.007,
            "max": 4.545,
            "p(90)": 3.7694
        },
        "http_reqs": {
            "count": 387,
            "rate": 11.691799453434054
        },
        "http_req_waiting": {
            "min": 734.937,
            "med": 3236.39,
            "max": 3787.449,
            "p(90)": 3525.804,
            "p(95)": 3593.9419,
            "p(99)": 3706.3965599999997,
            "avg": 3143.521007751938
        },
        "app_processing_time_ms": {
            "avg": 3134.4289405684754,
            "min": 723,
            "med": 3231,
            "max": 3776,
            "p(90)": 3513.8,
            "p(95)": 3571,
            "p(99)": 3699.08,
            "thresholds": {
                "p(95)<60000": false,
                "p(99)<120000": false
            }
        },
        "iterations": {
            "count": 387,
            "rate": 11.691799453434054
        },
        "http_req_receiving": {
            "p(95)": 0.10939999999999997,
            "p(99)": 0.15825999999999998,
            "avg": 0.06369509043927649,
            "min": 0.014,
            "med": 0.055,
            "max": 1.235,
            "p(90)": 0.094
        },
        "data_received": {
            "count": 322367,
            "rate": 9739.14809923818
        },
        "benchmark_success": {
            "passes": 387,
            "fails": 0,
            "thresholds": {
                "rate>0.99": false
            },
            "value": 1
        },
        "iteration_duration": {
            "p(99)": 4706.92886912,
            "avg": 4145.1983872506435,
            "min": 1735.548042,
            "med": 4239.474083,
            "max": 4788.238583,
            "p(90)": 4526.5225166,
            "p(95)": 4598.142858
        }
    },
    "root_group": {
        "checks": {
            "status is 200": {
                "fails": 0,
                "name": "status is 200",
                "path": "::status is 200",
                "id": "6210a8cd14cd70477eba5c5e4cb3fb5f",
                "passes": 387
            },
            "strategy matches": {
                "path": "::strategy matches",
                "id": "b598c231ec69c4799d5cab7d5ea0c890",
                "passes": 387,
                "fails": 0,
                "name": "strategy matches"
            },
            "processing time exists": {
                "fails": 0,
                "name": "processing time exists",
                "path": "::processing time exists",
                "id": "a34973730afeadc5b3315b06d5b32bdb",
                "passes": 387
            },
            "database profile exists": {
                "fails": 0,
                "name": "database profile exists",
                "path": "::database profile exists",
                "id": "f2ff9ed945909f7e31d3d03440568d3c",
                "passes": 387
            }
        },
        "name": "",
        "path": "",
        "id": "d41d8cd98f00b204e9800998ecf8427e",
        "groups": {}
    }
}